{
  "project_info": {
    "project_number": "641697816433",
    "firebase_url": "https://security-qr-7a8dd-default-rtdb.firebaseio.com",
    "project_id": "security-qr-7a8dd",
    "storage_bucket": "security-qr-7a8dd.appspot.com"
  },
  "client": [
    {
      "client_info": {
        "mobilesdk_app_id": "1:641697816433:android:38f5da521253f609dbe0d0",
        "android_client_info": {
          "package_name": "com.security.securityqr"
        }
      },
      "oauth_client": [
        {
          "client_id": "641697816433-oik9nuj29k2709qi7na6hfsrbtf58ibv.apps.googleusercontent.com",
          "client_type": 1,
          "android_info": {
            "package_name": "com.security.securityqr",
            "certificate_hash": "666f5bf8fa95129da69f0782a9312bcce2a18c74"
          }
        },
        {
          "client_id": "641697816433-ui9knlo8hm48ru022u0l4nqqr8nqdiel.apps.googleusercontent.com",
          "client_type": 3
        }
      ],
      "api_key": [
        {
          "current_key": "AIzaSyDImzd1bk1IWAt4CdxdVDYmXhORrDXua1w"
        }
      ],
      "services": {
        "appinvite_service": {
          "other_platform_oauth_client": [
            {
              "client_id": "641697816433-ui9knlo8hm48ru022u0l4nqqr8nqdiel.apps.googleusercontent.com",
              "client_type": 3
            }
          ]
        }
      }
    }
  ],
  "configuration_version": "1"
}